offset,length,text,translation
0x91194,20,シーンセレクトだよっ,场景选择哦
0x911ac,32,システムファイルをセーブします。,正在保存系统文件
0x911d0,44,セーブするメモリーカードを選択してください。,请选择保存用的记忆卡
0x91200,36,システムファイルをセーブしています。,正在保存系统文件
0x91228,34,メモリーカードを抜かないで下さい。,请不要拔出记忆卡
0x9124c,22,セーブが終了しました。,保存完成
0x91264,22,セーブに失敗しました。,保存失败
0x9127c,44,システムファイルをセーブせずに終了しますか？,要不保存系统文件就结束吗？
0x912ac,16,はい　　　いいえ,是　　　否
0x912c0,50,システムのセーブに３ブロックの空き容量が必要です。,系统保存需要３个空余区块
0x912f4,28,セーブをキャンセルしますか？,要取消保存吗？
0x91314,42,　　　　　はい：Ａボタン　いいえ：Ｂボタン,　　　　　是: Ａ键　否: Ｂ键
0x91340,20,ファイルがありません,没有文件
0x91358,30,ファイルのバージョンが違います,Version Mismatch
0x91378,32,セーブファイルが破損しています。,保存文件已损坏
0x9139c,2,年,年
0x913a0,2,月,月
0x913a4,2,日,日
0x913a8,2,時,时
0x913ac,2,分,分
0x913b0,2,秒,秒
0x913b4,14,セーブ中です。,正在保存
0x913c4,38,ファイルを上書きしてもよろしいですか？,要覆盖文件吗？
0x913ec,44,セーブするにはシステムファイルに３ブロック、,保存需要系统文件３个区块
0x9141c,48,ゲームファイルに２ブロックの空き容量が必要です。,游戏文件２个区块的空余容量
0x91450,22,ロードに失敗しました。,读取失败
0x91468,28,メモリーカードがありません。,没有记忆卡
0x91488,44,メモリーカードがフォーマットされていません。,记忆卡尚未格式化
0x9239c,12,ファイル０１,文件０１
0x923ac,12,ファイル０２,文件０２
0x923bc,12,ファイル０３,文件０３
0x923cc,12,ファイル０４,文件０４
0x923dc,12,ファイル０５,文件０５
0x923ec,12,ファイル０６,文件０６
0x923fc,12,ファイル０７,文件０７
0x9240c,12,ファイル０８,文件０８
0x9241c,12,ファイル０９,文件０９
0x9242c,12,ファイル１０,文件１０
0x9243c,12,ファイル１１,文件１１
0x9244c,12,ファイル１２,文件１２
0x9245c,12,ファイル１３,文件１３
0x9246c,12,ファイル１４,文件１４
0x9247c,12,ファイル１５,文件１５
0x9248c,12,ファイル１６,文件１６
0x9249c,12,ファイル１７,文件１７
0x924ac,12,ファイル１８,文件１８
0x924bc,12,ファイル１９,文件１９
0x924cc,12,ファイル２０,文件２０
0x924dc,10,プロローグ,序幕
0x924e8,8,４月９日,４月９日
0x924f4,10,４月１０日,４月１０日
0x92500,10,４月１１日,４月１１日
0x9250c,10,４月１２日,４月１２日
0x92518,10,４月１３日,４月１３日
0x92524,10,４月１４日,４月１４日
0x92530,10,４月１５日,４月１５日
0x9253c,10,４月１６日,４月１６日
0x92548,10,４月１９日,４月１９日
0x92554,10,４月２８日,４月２８日
0x92560,10,４月３０日,４月３０日
0x9256c,10,４月２０日,４月２０日
0x92578,10,４月２１日,４月２１日
0x92584,10,４月２２日,４月２２日
0x92590,8,５月１日,５月１日
0x9259c,8,５月３日,５月３日
0x925a8,10,５月１４日,５月１４日
0x925b4,10,５月１５日,５月１５日
0x925c0,10,５月１９日,５月１９日
0x925cc,10,５月１７日,５月１７日
0x925d8,10,５月２０日,５月２０日
0x925e4,10,５月２７日,５月２７日
0x925f0,10,５月３０日,５月３０日
0x925fc,8,６月１日,６月１日
0x92608,8,６月４日,６月４日
0x92614,8,６月５日,６月５日
0x92620,8,６月３日,６月３日
0x9262c,8,６月９日,６月９日
0x92638,10,６月１７日,６月１７日
0x92644,10,６月２１日,６月２１日
0x92650,10,６月２３日,６月２３日
0x9265c,10,６月２６日,６月２６日
0x92668,10,６月２７日,６月２７日
0x92674,10,６月２８日,６月２８日
0x92680,8,７月１日,７月１日
0x9268c,8,７月７日,７月７日
0x92698,8,７月８日,７月８日
0x926a4,10,７月１５日,７月１５日
0x926b0,10,７月２０日,７月２０日
0x926bc,10,７月２１日,７月２１日
0x926c8,10,７月２９日,７月２９日
0x926d4,8,８月７日,８月７日
0x926e0,10,８月１０日,８月１０日
0x926ec,18,夏祭りの後のある日,夏祭之后的某一天
0x92700,12,みなもルート,水萌线
0x92710,12,ひなたルート,日向线
0x92720,16,望・わかばルート,望・若叶线
0x92734,8,望ルート,望线
0x92740,12,わかばルート,若叶线
0x92750,8,彩ルート,彩线
0x9275c,12,紫光院ルート,紫光院线
0x92774,18,第１話 少女計画 01,第１话 少女计划 01
0x92788,18,第１話 少女計画 03,第１话 少女计划 03
0x9279c,18,第１話 少女計画 04,第１话 少女计划 04
0x927b0,18,第１話 少女計画 05,第１话 少女计划 05
0x927c4,18,第１話 少女計画 07,第１话 少女计划 07
0x927d8,18,第１話 少女計画 08,第１话 少女计划 08
0x927ec,18,第１話 少女計画 09,第１话 少女计划 09
0x92800,18,第１話 少女計画 10,第１话 少女计划 10
0x92814,18,第１話 少女計画 11,第１话 少女计划 11
0x92828,18,第１話 少女計画 12,第１话 少女计划 12
0x9283c,18,第１話 少女計画 13,第１话 少女计划 13
0x92850,18,第１話 少女計画 14,第１话 少女计划 14
0x92864,18,第１話 少女計画 15,第１话 少女计划 15
0x92878,18,第１話 少女計画 16,第１话 少女计划 16
0x9288c,18,第１話 少女計画 17,第１话 少女计划 17
0x928b8,22,第２話 やわらかい闇 00,第２话 柔软暗影 00
0x928d0,22,第２話 やわらかい闇 01,第２话 柔软暗影 01
0x928e8,22,第２話 やわらかい闇 02,第２话 柔软暗影 02
0x92900,22,第２話 やわらかい闇 03,第２话 柔软暗影 03
0x92918,22,第２話 やわらかい闇 04,第２话 柔软暗影 04
0x92930,22,第２話 やわらかい闇 05,第２话 柔软暗影 05
0x92948,22,第２話 やわらかい闇 06,第２话 柔软暗影 06
0x92960,22,第２話 やわらかい闇 07,第２话 柔软暗影 07
0x92978,22,第２話 やわらかい闇 08,第２话 柔软暗影 08
0x92990,22,第２話 やわらかい闇 09,第２话 柔软暗影 09
0x929a8,22,第２話 やわらかい闇 10,第２话 柔软暗影 10
0x929c0,22,第２話 やわらかい闇 11,第２话 柔软暗影 11
0x929d8,22,第２話 やわらかい闇 12,第２话 柔软暗影 12
0x929f0,22,第２話 やわらかい闇 13,第２话 柔软暗影 13
0x92a08,22,第２話 やわらかい闇 15,第２话 柔软暗影 15
0x92a28,16,第３話 ゲーム 01,第３话 游戏 01
0x92a3c,16,第３話 ゲーム 02,第３话 游戏 02
0x92a50,16,第３話 ゲーム 03,第３话 游戏 03
0x92a64,16,第３話 ゲーム 04,第３话 游戏 04
0x92a78,16,第３話 ゲーム 05,第３话 游戏 05
0x92a8c,16,第３話 ゲーム 06,第３话 游戏 06
0x92aa0,16,第３話 ゲーム 07,第３话 游戏 07
0x92ab4,16,第３話 ゲーム 08,第３话 游戏 08
0x92ac8,16,第３話 ゲーム 09,第３话 游戏 09
0x92adc,16,第３話 ゲーム 10,第３话 游戏 10
0x92af0,16,第３話 ゲーム 11,第３话 游戏 11
0x92b04,16,第３話 ゲーム 12,第３话 游戏 12
0x92b18,16,第３話 ゲーム 13,第３话 游戏 13
0x92b2c,16,第３話 ゲーム 14,第３话 游戏 14
0x92b40,16,第３話 ゲーム 16,第３话 游戏 16
0x92b54,16,第３話 ゲーム 17,第３话 游戏 17
0x92b68,16,第３話 ゲーム 18,第３话 游戏 18
0x92b7c,16,第３話 ゲーム 19,第３话 游戏 19
0x92b90,16,第３話 ゲーム 20,第３话 游戏 20
0x92ba4,16,第３話 ゲーム 21,第３话 游戏 21
0x92bb8,16,第３話 ゲーム 22,第３话 游戏 22
0x92bcc,16,第３話 ゲーム 23,第３话 游戏 23
0x92be0,16,第３話 ゲーム 24,第３话 游戏 24
0x92bf4,16,第３話 ゲーム 25,第３话 游戏 25
0x92c08,16,第３話 ゲーム 26,第３话 游戏 26
0x92c24,14,第４話 雨歌 01,第４话 雨歌 01
0x92c34,14,第４話 雨歌 02,第４话 雨歌 02
0x92c44,14,第４話 雨歌 03,第４话 雨歌 03
0x92c54,14,第４話 雨歌 04,第４话 雨歌 04
0x92c64,14,第４話 雨歌 05,第４话 雨歌 05
0x92c74,14,第４話 雨歌 06,第４话 雨歌 06
0x92c84,14,第４話 雨歌 07,第４话 雨歌 07
0x92c94,14,第４話 雨歌 08,第４话 雨歌 08
0x92ca4,14,第４話 雨歌 09,第４话 雨歌 09
0x92cb4,14,第４話 雨歌 10,第４话 雨歌 10
0x92cc4,14,第４話 雨歌 12,第４话 雨歌 12
0x92cd4,14,第４話 雨歌 13,第４话 雨歌 13
0x92ce4,14,第４話 雨歌 14,第４话 雨歌 14
0x92cf4,14,第４話 雨歌 15,第４话 雨歌 15
0x92d04,14,第４話 雨歌 18,第４话 雨歌 18
0x92d14,14,第４話 雨歌 19,第４话 雨歌 19
0x92d24,14,第４話 雨歌 20,第４话 雨歌 20
0x92d34,14,第４話 雨歌 21,第４话 雨歌 21
0x92d44,14,第４話 雨歌 22,第４话 雨歌 22
0x92d54,14,第４話 雨歌 24,第４话 雨歌 24
0x92d64,14,第４話 雨歌 25,第４话 雨歌 25
0x92d74,14,第４話 雨歌 26,第４话 雨歌 26
0x92d8c,16,第５話 兵の理 01,第５话 兵之理 01
0x92da0,16,第５話 兵の理 03,第５话 兵之理 03
0x92db4,16,第５話 兵の理 04,第５话 兵之理 04
0x92dc8,16,第５話 兵の理 05,第５话 兵之理 05
0x92ddc,16,第５話 兵の理 06,第５话 兵之理 06
0x92df0,16,第５話 兵の理 07,第５话 兵之理 07
0x92e04,16,第５話 兵の理 08,第５话 兵之理 08
0x92e18,16,第５話 兵の理 09,第５话 兵之理 09
0x92e2c,16,第５話 兵の理 10,第５话 兵之理 10
0x92e40,16,第５話 兵の理 11,第５话 兵之理 11
0x92e54,16,第５話 兵の理 12,第５话 兵之理 12
0x92e68,16,第５話 兵の理 13,第５话 兵之理 13
0x92e7c,16,第５話 兵の理 14,第５话 兵之理 14
0x92e90,16,第５話 兵の理 15,第５话 兵之理 15
0x92ea4,16,第５話 兵の理 16,第５话 兵之理 16
0x92eb8,16,第５話 兵の理 17,第５话 兵之理 17
0x92ecc,16,第５話 兵の理 18,第５话 兵之理 18
0x92ee0,16,第５話 兵の理 19,第５话 兵之理 19
0x92ef4,16,第５話 兵の理 20,第５话 兵之理 20
0x92f08,16,第５話 兵の理 21,第５话 兵之理 21
0x92f1c,16,第５話 兵の理 23,第５话 兵之理 23
0x92f38,30,第６話 いつもそこにあるもの 01,第６话 永远在那里的东西 01
0x92f58,30,第６話 いつもそこにあるもの 02,第６话 永远在那里的东西 02
0x92f78,30,第６話 いつもそこにあるもの 03,第６话 永远在那里的东西 03
0x92f98,30,第６話 いつもそこにあるもの 04,第６话 永远在那里的东西 04
0x92fb8,30,第６話 いつもそこにあるもの 05,第６话 永远在那里的东西 05
0x92fd8,30,第６話 いつもそこにあるもの 06,第６话 永远在那里的东西 06
0x92ff8,30,第６話 いつもそこにあるもの 07,第６话 永远在那里的东西 07
0x93018,30,第６話 いつもそこにあるもの 08,第６话 永远在那里的东西 08
0x93038,30,第６話 いつもそこにあるもの 09,第６话 永远在那里的东西 09
0x93058,30,第６話 いつもそこにあるもの 10,第６话 永远在那里的东西 10
0x93078,30,第６話 いつもそこにあるもの 11,第６话 永远在那里的东西 11
0x93098,30,第６話 いつもそこにあるもの 12,第６话 永远在那里的东西 12
0x930b8,30,第６話 いつもそこにあるもの 13,第６话 永远在那里的东西 13
0x930d8,30,第６話 いつもそこにあるもの 14,第６话 永远在那里的东西 14
0x930f8,30,第６話 いつもそこにあるもの 15,第６话 永远在那里的东西 15
0x93118,30,第６話 いつもそこにあるもの 16,第６话 永远在那里的东西 16
0x93138,30,第６話 いつもそこにあるもの 17,第６话 永远在那里的东西 17
0x93158,30,第６話 いつもそこにあるもの 18,第６话 永远在那里的东西 18
0x93178,30,第６話 いつもそこにあるもの 19,第６话 永远在那里的东西 19
0x93198,30,第６話 いつもそこにあるもの 20,第６话 永远在那里的东西 20
0x931b8,30,第６話 いつもそこにあるもの 23,第６话 永远在那里的东西 23
0x931e0,18,第７話 白詰草話 01,第７话 白诘草话 01
0x931f4,18,第７話 白詰草話 02,第７话 白诘草话 02
0x93208,18,第７話 白詰草話 04,第７话 白诘草话 04
0x9321c,18,第７話 白詰草話 05,第７话 白诘草话 05
0x93230,18,第７話 白詰草話 06,第７话 白诘草话 06
0x93244,18,第７話 白詰草話 07,第７话 白诘草话 07
0x93258,18,第７話 白詰草話 08,第７话 白诘草话 08
0x9326c,18,第７話 白詰草話 09,第７话 白诘草话 09
0x93280,18,第７話 白詰草話 10,第７话 白诘草话 10
0x93294,18,第７話 白詰草話 11,第７话 白诘草话 11
0x932a8,18,第７話 白詰草話 12,第７话 白诘草话 12
0x932bc,18,第７話 白詰草話 13,第７话 白诘草话 13
0x932d0,18,第７話 白詰草話 14,第７话 白诘草话 14
0x932e4,18,第７話 白詰草話 15,第７话 白诘草话 15
0x932f8,18,第７話 白詰草話 16,第７话 白诘草话 16
0x9330c,18,第７話 白詰草話 17,第７话 白诘草话 17
0x93320,18,第７話 白詰草話 18,第７话 白诘草话 18
0x93334,18,第７話 白詰草話 19,第７话 白诘草话 19
0x93348,18,第７話 白詰草話 21,第７话 白诘草话 21
0x9335c,18,第７話 白詰草話 22,第７话 白诘草话 22
0x93370,18,第７話 白詰草話 23,第７话 白诘草话 23
0x93384,18,第７話 白詰草話 24,第７话 白诘草话 24
0x93398,18,第７話 白詰草話 25,第７话 白诘草话 25
0x933ac,18,第７話 白詰草話 26,第７话 白诘草话 26
0x933c0,18,第７話 白詰草話 27,第７话 白诘草话 27
0x933dc,18,第８話 咎人の夢 01,第８话 罪人之梦 01
0x933f0,18,第８話 咎人の夢 02,第８话 罪人之梦 02
0x93404,18,第８話 咎人の夢 03,第８话 罪人之梦 03
0x93418,18,第８話 咎人の夢 04,第８话 罪人之梦 04
0x9342c,18,第８話 咎人の夢 05,第８话 罪人之梦 05
0x93440,18,第８話 咎人の夢 06,第８话 罪人之梦 06
0x93454,18,第８話 咎人の夢 07,第８话 罪人之梦 07
0x93468,18,第８話 咎人の夢 08,第８话 罪人之梦 08
0x9347c,18,第８話 咎人の夢 09,第８话 罪人之梦 09
0x93490,18,第８話 咎人の夢 10,第８话 罪人之梦 10
0x934a4,18,第８話 咎人の夢 12,第８话 罪人之梦 12
0x934b8,18,第８話 咎人の夢 13,第８话 罪人之梦 13
0x934cc,18,第８話 咎人の夢 14,第８话 罪人之梦 14
0x934e0,18,第８話 咎人の夢 16,第８话 罪人之梦 16
0x934f4,18,第８話 咎人の夢 17,第８话 罪人之梦 17
0x93508,18,第８話 咎人の夢 18,第８话 罪人之梦 18
0x9351c,18,第８話 咎人の夢 19,第８话 罪人之梦 19
0x93530,18,第８話 咎人の夢 20,第８话 罪人之梦 20
0x93544,18,第８話 咎人の夢 21,第８话 罪人之梦 21
0x93558,18,第８話 咎人の夢 22,第８话 罪人之梦 22
0x9356c,18,第８話 咎人の夢 23,第８话 罪人之梦 23
0x93580,18,第８話 咎人の夢 24,第８话 罪人之梦 24
0x93594,18,第８話 咎人の夢 25,第８话 罪人之梦 25
0x935a8,18,第８話 咎人の夢 26,第８话 罪人之梦 26
0x935cc,14,第９話 古魂 01,第９话 古魂 01
0x935dc,14,第９話 古魂 02,第９话 古魂 02
0x935ec,14,第９話 古魂 03,第９话 古魂 03
0x935fc,14,第９話 古魂 04,第９话 古魂 04
0x9360c,14,第９話 古魂 05,第９话 古魂 05
0x9361c,14,第９話 古魂 06,第９话 古魂 06
0x9362c,14,第９話 古魂 07,第９话 古魂 07
0x9363c,14,第９話 古魂 08,第９话 古魂 08
0x9364c,14,第９話 古魂 09,第９话 古魂 09
0x9365c,14,第９話 古魂 10,第９话 古魂 10
0x9366c,14,第９話 古魂 11,第９话 古魂 11
0x9367c,14,第９話 古魂 12,第９话 古魂 12
0x9368c,14,第９話 古魂 13,第９话 古魂 13
0x9369c,14,第９話 古魂 14,第９话 古魂 14
0x936b4,38,最終話 たとえそれが間違いだとしても 01,最终话 即使那是错误 01
0x936dc,38,最終話 たとえそれが間違いだとしても 02,最终话 即使那是错误 02
0x93704,38,最終話 たとえそれが間違いだとしても 03,最终话 即使那是错误 03
0x9372c,38,最終話 たとえそれが間違いだとしても 04,最终话 即使那是错误 04
0x93754,38,最終話 たとえそれが間違いだとしても 05,最终话 即使那是错误 05
0x9377c,38,最終話 たとえそれが間違いだとしても 06,最终话 即使那是错误 06
0x937a4,38,最終話 たとえそれが間違いだとしても 07,最终话 即使那是错误 07
0x937cc,38,最終話 たとえそれが間違いだとしても 08,最终话 即使那是错误 08
0x937f4,38,最終話 たとえそれが間違いだとしても 09,最终话 即使那是错误 09
0x9381c,38,最終話 たとえそれが間違いだとしても 10,最终话 即使那是错误 10
0x93844,38,最終話 たとえそれが間違いだとしても 11,最终话 即使那是错误 11
0x9386c,38,最終話 たとえそれが間違いだとしても 12,最终话 即使那是错误 12
0x93894,38,最終話 たとえそれが間違いだとしても 13,最终话 即使那是错误 13
0x938bc,38,最終話 たとえそれが間違いだとしても 14,最终话 即使那是错误 14
0x938e4,38,最終話 たとえそれが間違いだとしても 15,最终话 即使那是错误 15
0x9390c,38,最終話 たとえそれが間違いだとしても 16,最终话 即使那是错误 16
0x93934,38,最終話 たとえそれが間違いだとしても 17,最终话 即使那是错误 17
0x9395c,38,最終話 たとえそれが間違いだとしても 18,最终话 即使那是错误 18
0x93984,38,最終話 たとえそれが間違いだとしても 19,最终话 即使那是错误 19
0x939ac,38,最終話 たとえそれが間違いだとしても 20,最终话 即使那是错误 20
0x939d4,38,最終話 たとえそれが間違いだとしても 21,最终话 即使那是错误 21
0x939fc,38,最終話 たとえそれが間違いだとしても 22,最终话 即使那是错误 22
0x93a24,38,最終話 たとえそれが間違いだとしても 23,最终话 即使那是错误 23
0x93a4c,38,最終話 たとえそれが間違いだとしても 24,最终话 即使那是错误 24
0x93a74,38,最終話 たとえそれが間違いだとしても 25,最终话 即使那是错误 25
0x93b4c,31,番外編 津名川さん家のクリスマス,Extra: 津名川家的圣诞节
0x93b6c,6,（日）,（日）
0x93b74,6,（月）,（一）
0x93b7c,6,（火）,（二）
0x93b84,6,（水）,（三）
0x93b8c,6,（木）,（四）
0x93b94,6,（金）,（五）
0x93b9c,6,（土）,（六）
0x93ba4,36,空き容量が０ブロック不足しています。,空余容量不足０个区块
0x93bcc,36,空き容量が１ブロック不足しています。,空余容量不足１个区块
0x93bf4,36,空き容量が２ブロック不足しています。,空余容量不足２个区块
0x93c1c,36,空き容量が３ブロック不足しています。,空余容量不足３个区块
0x93c44,36,空き容量が４ブロック不足しています。,空余容量不足４个区块
0x93c6c,36,空き容量が５ブロック不足しています。,空余容量不足５个区块
0x93c94,34,コントロールポートＡ拡張ソケット１,控制端口Ａ扩展接口１
0x93cb8,34,コントロールポートＡ拡張ソケット２,控制端口Ａ扩展接口２
0x93cdc,34,コントロールポートＢ拡張ソケット１,控制端口Ｂ扩展接口１
0x93d00,34,コントロールポートＢ拡張ソケット２,控制端口Ｂ扩展接口２
0x93d24,34,コントロールポートＣ拡張ソケット１,控制端口Ｃ扩展接口１
0x93d48,34,コントロールポートＣ拡張ソケット２,控制端口Ｃ扩展接口２
0x93d6c,34,コントロールポートＤ拡張ソケット１,控制端口Ｄ扩展接口１
0x93d90,34,コントロールポートＤ拡張ソケット２,控制端口Ｄ扩展接口２
0x93db8,18,システムファイルの,系统文件的
0x93dcc,16,ゲームファイルの,游戏文件的
0x93de0,34,システムファイルとゲームファイルの,系统文件和游戏文件的
0x93e04,6,セーブ,保存
0x93e0c,6,ロード,读取
0x93e14,10,設定の変更,变更设定
0x93e20,10,タイトルへ,返回标题
0x93e2c,14,シーンセレクト,场景选择
0x9424c,10,【？？？】,[？？？]
0x94264,10,ｹﾞｰﾑﾌｧｲﾙ01,SAVE 01
0x94270,10,ｹﾞｰﾑﾌｧｲﾙ02,SAVE 02
0x9427c,10,ｹﾞｰﾑﾌｧｲﾙ03,SAVE 03
0x94288,10,ｹﾞｰﾑﾌｧｲﾙ04,SAVE 04
0x94294,10,ｹﾞｰﾑﾌｧｲﾙ05,SAVE 05
0x942a0,10,ｹﾞｰﾑﾌｧｲﾙ06,SAVE 06
0x942ac,10,ｹﾞｰﾑﾌｧｲﾙ07,SAVE 07
0x942b8,10,ｹﾞｰﾑﾌｧｲﾙ08,SAVE 08
0x942c4,10,ｹﾞｰﾑﾌｧｲﾙ09,SAVE 09
0x942d0,10,ｹﾞｰﾑﾌｧｲﾙ10,SAVE 10
0x942dc,10,ｹﾞｰﾑﾌｧｲﾙ11,SAVE 11
0x942e8,10,ｹﾞｰﾑﾌｧｲﾙ12,SAVE 12
0x942f4,10,ｹﾞｰﾑﾌｧｲﾙ13,SAVE 13
0x94300,10,ｹﾞｰﾑﾌｧｲﾙ14,SAVE 14
0x9430c,10,ｹﾞｰﾑﾌｧｲﾙ15,SAVE 15
0x94318,10,ｹﾞｰﾑﾌｧｲﾙ16,SAVE 16
0x94324,10,ｹﾞｰﾑﾌｧｲﾙ17,SAVE 17
0x94330,10,ｹﾞｰﾑﾌｧｲﾙ18,SAVE 18
0x9433c,10,ｹﾞｰﾑﾌｧｲﾙ19,SAVE 19
0x94348,10,ｹﾞｰﾑﾌｧｲﾙ20,SAVE 20
0x94386,8,白詰草話,白诘草话
0x9438f,17,白詰草話 ｼｽﾃﾑﾌｧｲﾙ,白诘草话 系统文件
0x94468,10,エラーなし,无错误
0x94474,14,コマンド実行中,命令执行中
0x94484,16,関数の引数が異常,函数参数异常
0x94498,16,最終ブロック不良,最终区块不良
0x944ac,28,対応していないメモリーカード,不支持的记忆卡
0x944cc,28,メモリーカードが入っていない,未插入记忆卡
0x944ec,14,未フォーマット,未格式化
0x944fc,18,メモリーカードフル,记忆卡已满
0x94510,22,ファイルが見つからない,找不到文件
0x94528,24,同じ名前のファイルがある,存在同名文件
0x94544,18,ファイルが開けない,无法打开文件
0x94558,26,実行ファイルを作成できない,无法创建执行文件
0x94574,22,実行ファイルが存在する,执行文件已存在
0x9458c,22,ファイルを消せなかった,Can't Delete File
0x945a4,20,ファイルアクセス拒否,文件访问被拒
0x945bc,16,ベリファイエラー,校验错误
0x945d0,12,ライトエラー,写入错误
0x945e0,20,ファイルが壊れている,文件已损坏
0x945f8,25,バックアップ形式CRCエラー,备份格式CRC错误
0x94614,24,バックアップ形式ではない,非备份格式
0x94630,12,未定義エラー,未定义错误
0x946d8,2,０,０
0x946dc,2,１,１
0x946e0,2,２,２
0x946e4,2,３,３
0x946e8,2,４,４
0x946ec,2,５,５
0x946f0,2,６,６
0x946f4,2,７,７
0x946f8,2,８,８
0x946fc,2,９,９
0x962fc,34,システムファイルが破損しています。,系统文件已损坏
0x97480,36,コントロールポートＡ拡張ソケット１の,控制端口Ａ扩展接口１的
0x974a8,36,コントロールポートＡ拡張ソケット２の,控制端口Ａ扩展接口２的
0x974d0,36,コントロールポートＢ拡張ソケット１の,控制端口Ｂ扩展接口１的
0x974f8,36,コントロールポートＢ拡張ソケット２の,控制端口Ｂ扩展接口２的
0x97520,36,コントロールポートＣ拡張ソケット１の,控制端口Ｃ扩展接口１的
0x97548,36,コントロールポートＣ拡張ソケット２の,控制端口Ｃ扩展接口２的
0x97570,36,コントロールポートＤ拡張ソケット１の,控制端口Ｄ扩展接口１的
0x97598,36,コントロールポートＤ拡張ソケット２の,控制端口Ｄ扩展接口２的
0x975c0,12,品藤との再会,与品藤再会
0x975d0,12,上代を訪ねる,拜访上代
0x975e0,4,実戦,实战
0x975e8,20,まどろみの中で　沙友,假寐之中　沙友
0x97600,20,まどろみの中で　エマ,假寐之中　艾玛
0x97618,20,まどろみの中で　透花,假寐之中　透花
0x97630,8,お出かけ,出门
0x9763c,12,一緒にお風呂,一起洗澡
0x9764c,20,こわいなんです･･････,好害怕･･････
0x97664,18,透花とシャムロック,透花与三叶草
0x97678,16,子猫たちとの休息,与小猫咪们的休息
0x9768c,12,プールサイド,泳池边
0x9769c,6,ゲーム,游戏
0x976a4,22,せんせい　あたかいよ～,老师　好暖和哦〜
0x976bc,16,一緒に寝るかい？,一起睡吗？
0x976d0,12,筒井の昔語り,筒井的往事
0x976e0,8,雨上がり,雨后
0x976ec,10,公安の荒山,公安的荒山
0x976f8,20,背中を流しに来る沙友,来擦背的沙友
0x97710,20,背中を流しに来るエマ,来擦背的艾玛
0x97728,20,背中を流しに来る透花,来擦背的透花
0x97740,20,背中を流しに来る三人,来擦背的三人
0x97758,14,上代からの電話,上代来的电话
0x97768,18,高宮研の実戦テスト,高宫研的实战测试
0x9777c,10,品藤と荒山,品藤与荒山
0x97788,10,荒山の実力,荒山的实力
0x97794,14,少女たちの休息,少女们的休息
0x977a4,14,透花をベッドへ,送透花上床
0x977b4,14,エマをベッドへ,送艾玛上床
0x977c4,14,沙友をベッドへ,送沙友上床
0x977d4,2,夢,梦
0x977d8,14,プラネタリウム,天文馆
0x977e8,22,スパッドとエレンの密談,斯帕德与艾莲的密谈
0x97800,16,星空の下で　沙友,星空之下　沙友
0x97814,16,星空の下で　透花,星空之下　透花
0x97828,16,星空の下で　エマ,星空之下　艾玛
0x9783c,14,品藤のつぶやき,品藤的嘀咕
0x9784c,12,サナトリウム,疗养院
0x9785c,10,虚ろな感覚,空虚的感觉
0x97868,12,品藤の裏切り,品藤的背叛
0x97878,14,エマとグラハム,艾玛与格拉汉姆
0x97888,12,荒山ふたたび,荒山再现
0x97898,18,エイプリルはお休み,艾普丽尔在休息
0x978ac,8,品藤の死,品藤之死
0x978b8,6,マーチ,玛奇
0x978c0,14,神に選ばれた男,被神选中的男人
0x978d0,10,知佳と知登,知佳与知登
0x978dc,6,バベル,巴别塔
0x978e4,12,正義の在り処,正义所在
0x978f4,16,津名川の死　透花,津名川之死　透花
0x97908,16,津名川の死　エマ,津名川之死　艾玛
0x9791c,16,津名川の死　沙友,津名川之死　沙友
0x97930,12,エレンの最期,艾莲的末路
0x97940,22,南の島の楽園にて　エマ,南岛的乐园　艾玛
0x97958,22,南の島の楽園にて　透花,南岛的乐园　透花
0x97970,22,南の島の楽園にて　沙友,南岛的乐园　沙友
0x9798c,48,アドバタイズムービー　　　ｂｙ　ｔｓｕｋｕｎｅ．,CM动画　　　　by　tsukune.
0x979c0,40,オープニングムービー　　　ｂｙ　新海　誠,开场动画　　　by　新海诚
0x979ec,40,ムービー２　　　　　　　　ｂｙ　新海　誠,动画２　　　　by　新海诚
